Make,Type,Model type,Model,Jan,Feb,Mar,Apr,May,Jun,Jul,Aug,Sep,Oct,Nov,Dec,Total,Year
KIA,Domestic,,Morning,3103.0,3310.0,4126.0,2960.0,3452.0,3260.0,3949.0,3606.0,2437.0,2593.0,3032.0,2938.0,38766.0,2020
KIA,Domestic,,Ray,2146.0,1220.0,2631.0,2212.0,2405.0,2670.0,2540.0,2518.0,2294.0,2501.0,2759.0,2634.0,28530.0,2020
KIA,Domestic,,Pride,0.0,0.0,0.0,0.0,0.0,0.0,0.0,0.0,0.0,0.0,0.0,0.0,0.0,2020
KIA,Domestic,,K3,1800.0,957.0,3509.0,2609.0,2029.0,2879.0,1487.0,1631.0,1693.0,1504.0,1947.0,1392.0,23437.0,2020
KIA,Domestic,,K5,8048.0,4349.0,8193.0,7953.0,8136.0,10145.0,8463.0,3944.0,7485.0,5459.0,7343.0,5032.0,84550.0,2020
KIA,Domestic,,Stinger,157.0,194.0,387.0,189.0,164.0,305.0,279.0,195.0,466.0,480.0,366.0,343.0,3525.0,2020
KIA,Domestic,,K7,3939.0,2851.0,5045.0,4772.0,4464.0,5652.0,2715.0,2172.0,2344.0,1844.0,3253.0,1997.0,41048.0,2020
KIA,Domestic,,K9,612.0,671.0,861.0,545.0,601.0,855.0,790.0,579.0,556.0,567.0,572.0,622.0,7831.0,2020
KIA,Domestic,,Stonic,299.0,289.0,486.0,357.0,394.0,502.0,313.0,355.0,258.0,217.0,341.0,360.0,4171.0,2020
KIA,Domestic,,Seltos,3508.0,2869.0,6035.0,5597.0,5604.0,5536.0,3966.0,3277.0,3882.0,3344.0,3547.0,2316.0,49481.0,2020
KIA,Domestic,,Soul,79.0,51.0,113.0,120.0,183.0,166.0,83.0,69.0,74.0,75.0,109.0,142.0,1264.0,2020
KIA,Domestic,,Niro,1141.0,1935.0,2279.0,2300.0,2227.0,2272.0,1418.0,1498.0,1661.0,1334.0,1888.0,1286.0,21239.0,2020
KIA,Domestic,,Sportage,1175.0,1165.0,1615.0,1749.0,1509.0,2455.0,1272.0,1472.0,1263.0,1425.0,1658.0,1667.0,18425.0,2020
KIA,Domestic,,Sorento,1830.0,1998.0,3875.0,9270.0,9298.0,11596.0,9488.0,6116.0,9151.0,7261.0,7009.0,5383.0,82275.0,2020
KIA,Domestic,,Mohave,1428.0,621.0,2549.0,2143.0,1719.0,2548.0,1632.0,1361.0,1288.0,1370.0,1671.0,1268.0,19598.0,2020
KIA,Domestic,,New Carens,0.0,0.0,0.0,0.0,0.0,0.0,0.0,0.0,0.0,0.0,0.0,0.0,0.0,2020
KIA,Domestic,,Carnival,3352.0,2510.0,3179.0,2063.0,2941.0,3286.0,2119.0,5622.0,10130.0,12093.0,9823.0,7077.0,64195.0,2020
KIA,Domestic,Truck,BongoⅢ (Truck),4319.0,3584.0,6014.0,5412.0,5958.0,5657.0,6251.0,3996.0,6013.0,5883.0,5053.0,3766.0,61906.0,2020
KIA,Domestic,,Bus,106.0,61.0,86.0,63.0,70.0,85.0,49.0,30.0,23.0,31.0,25.0,29.0,658.0,2020
KIA,Domestic,,Military,8.0,46.0,25.0,47.0,28.0,136.0,236.0,22.0,193.0,28.0,127.0,605.0,1501.0,2020
KIA,Export,,Morning / Picanto,9786.0,4115.0,11959.0,5708.0,5284.0,7143.0,6569.0,6929.0,8119.0,10184.0,10443.0,9442.0,95681.0,2020
KIA,Export,,Pride / Rio,5007.0,2784.0,6101.0,2305.0,1680.0,3341.0,4286.0,4088.0,3798.0,4001.0,4521.0,3677.0,45589.0,2020
KIA,Export,,K3,1433.0,1986.0,4240.0,1160.0,1103.0,2438.0,2477.0,2006.0,3607.0,2895.0,3006.0,1456.0,27807.0,2020
KIA,Export,,K5 / Optima,5.0,666.0,3419.0,1791.0,58.0,1139.0,1929.0,3622.0,4137.0,3697.0,4626.0,2533.0,27622.0,2020
KIA,Export,,Stinger,862.0,475.0,1722.0,515.0,118.0,775.0,1335.0,1797.0,1368.0,1453.0,1447.0,985.0,12852.0,2020
KIA,Export,,K7 / Cadenza,248.0,218.0,135.0,121.0,130.0,18.0,243.0,160.0,185.0,331.0,220.0,126.0,2135.0,2020
KIA,Export,,K9,5.0,8.0,44.0,28.0,33.0,0.0,10.0,15.0,0.0,0.0,1.0,1.0,145.0,2020
KIA,Export,,Stonic,4223.0,1744.0,4968.0,3652.0,2182.0,4376.0,4198.0,4746.0,5075.0,6022.0,7352.0,5350.0,53888.0,2020
KIA,Export,,Seltos,5019.0,5184.0,7270.0,4333.0,5360.0,9585.0,10799.0,8288.0,11096.0,11540.0,9034.0,5834.0,93342.0,2020
KIA,Export,,Soul,7466.0,7742.0,10449.0,5531.0,3980.0,4798.0,8111.0,5305.0,9095.0,8739.0,7398.0,5307.0,83921.0,2020
KIA,Export,,Niro,5716.0,7259.0,11265.0,8872.0,9677.0,10297.0,10907.0,7566.0,11268.0,11950.0,11442.0,8788.0,115007.0,2020
KIA,Export,,Sportage,8391.0,7336.0,11574.0,4930.0,4666.0,8124.0,9876.0,9008.0,12833.0,11685.0,10555.0,7174.0,106152.0,2020
KIA,Export,,Sorento,2344.0,5791.0,1831.0,191.0,21.0,1100.0,5572.0,3009.0,2807.0,5563.0,5175.0,3428.0,36832.0,2020
KIA,Export,,Mohave / Borrego,0.0,0.0,0.0,7.0,0.0,0.0,108.0,108.0,108.0,72.0,72.0,180.0,655.0,2020
KIA,Export,,New Carens,0.0,0.0,0.0,0.0,0.0,0.0,0.0,0.0,0.0,0.0,0.0,0.0,0.0,2020
KIA,Export,,Carnival / Sedona,1704.0,865.0,2984.0,2058.0,1867.0,4263.0,2625.0,155.0,165.0,338.0,934.0,1446.0,19404.0,2020
KIA,Export,Truck,BongoⅢ (Truck),3805.0,1453.0,2438.0,1988.0,1341.0,1503.0,1255.0,2189.0,3517.0,3030.0,2774.0,1653.0,26946.0,2020
KIA,Export,,Bus,0.0,0.0,0.0,0.0,0.0,0.0,0.0,0.0,0.0,0.0,0.0,0.0,0.0,2020
KIA,Export,,Military,186.0,74.0,1.0,10.0,0.0,100.0,0.0,9.0,22.0,0.0,0.0,120.0,522.0,2020
KIA,Domestic,,Morning,2578.0,2691.0,3480.0,3348.0,2967.0,3349.0,2767.0,1782.0,1937.0,1369.0,1941.0,2321.0,30530.0,2021
KIA,Domestic,,Ray,2646.0,2266.0,2967.0,3808.0,3608.0,3223.0,3325.0,1814.0,3030.0,3399.0,3028.0,2842.0,35956.0,2021
KIA,Domestic,,Pride,0.0,0.0,0.0,0.0,0.0,0.0,0.0,0.0,0.0,0.0,0.0,0.0,0.0,2021
KIA,Domestic,,K3,1346.0,1378.0,1823.0,2491.0,3147.0,3042.0,3147.0,1829.0,2130.0,1526.0,2342.0,2204.0,26405.0,2021
KIA,Domestic,,K5,5440.0,5547.0,6882.0,6607.0,6034.0,5835.0,5777.0,4368.0,1998.0,1936.0,4483.0,4592.0,59499.0,2021
KIA,Domestic,,Stinger,279.0,378.0,312.0,364.0,252.0,269.0,277.0,203.0,127.0,240.0,241.0,225.0,3167.0,2021
KIA,Domestic,,K7 / K8,1709.0,1528.0,2474.0,5017.0,5565.0,5473.0,6008.0,3170.0,3188.0,4181.0,4417.0,4011.0,46741.0,2021
KIA,Domestic,,K9,433.0,435.0,450.0,412.0,504.0,614.0,798.0,672.0,559.0,546.0,453.0,329.0,6205.0,2021
KIA,Domestic,,Stonic,216.0,132.0,0.0,0.0,0.0,0.0,0.0,0.0,-1.0,0.0,0.0,1.0,348.0,2021
KIA,Domestic,,Seltos,3982.0,3585.0,3648.0,3491.0,3175.0,4071.0,3152.0,2724.0,2630.0,2429.0,3012.0,4191.0,40090.0,2021
KIA,Domestic,,Soul,90.0,71.0,4.0,0.0,0.0,0.0,0.0,0.0,0.0,0.0,0.0,0.0,165.0,2021
KIA,Domestic,,Niro,764.0,1070.0,1483.0,1318.0,1741.0,2312.0,1502.0,1900.0,1765.0,1896.0,1438.0,1315.0,18504.0,2021
KIA,Domestic,,EV6,0.0,0.0,0.0,0.0,0.0,0.0,0.0,1910.0,2654.0,2762.0,2202.0,1495.0,,2021
KIA,Domestic,,Sportage,1143.0,1366.0,787.0,1167.0,836.0,1187.0,3079.0,6571.0,4386.0,4258.0,7540.0,7442.0,39762.0,2021
KIA,Domestic,,Sorento,7480.0,4945.0,8357.0,6228.0,6883.0,6081.0,6339.0,3974.0,3820.0,5363.0,4903.0,5561.0,69934.0,2021
KIA,Domestic,,Mohave,896.0,975.0,1189.0,1333.0,1243.0,932.0,971.0,665.0,528.0,588.0,529.0,1020.0,10869.0,2021
KIA,Domestic,,New Carens,0.0,0.0,0.0,0.0,0.0,0.0,0.0,0.0,0.0,0.0,0.0,0.0,0.0,2021
KIA,Domestic,,Carnival,8043.0,6153.0,9520.0,8670.0,7219.0,6689.0,5632.0,5611.0,3437.0,3515.0,3395.0,5619.0,73503.0,2021
KIA,Domestic,,BongoⅢ (Truck),4330.0,4918.0,7491.0,6697.0,4586.0,5929.0,5163.0,3609.0,3467.0,3515.0,5916.0,4108.0,59729.0,2021
KIA,Domestic,,Bus,31.0,31.0,37.0,39.0,30.0,52.0,47.0,17.0,16.0,41.0,69.0,68.0,478.0,2021
KIA,Domestic,,Military,75.0,114.0,107.0,138.0,111.0,222.0,176.0,184.0,130.0,273.0,133.0,445.0,2108.0,2021
KIA,Export,,Morning / Picanto,8149.0,6465.0,8257.0,10078.0,8084.0,9379.0,12390.0,7850.0,9934.0,12078.0,8447.0,13340.0,114451.0,2021
KIA,Export,,Pride / Rio,4520.0,3702.0,5536.0,5826.0,4364.0,4197.0,3661.0,3022.0,3638.0,3065.0,4006.0,3620.0,49157.0,2021
KIA,Export,,K3,2181.0,2455.0,3848.0,3350.0,2127.0,3796.0,4091.0,2378.0,1675.0,1866.0,3222.0,2785.0,33774.0,2021
KIA,Export,,K5 / Optima,3258.0,3355.0,3685.0,3620.0,2877.0,3113.0,3221.0,1313.0,770.0,1010.0,1356.0,2100.0,29678.0,2021
KIA,Export,,Stinger,1212.0,1502.0,1543.0,2093.0,1287.0,1368.0,1454.0,1343.0,1044.0,801.0,1603.0,1757.0,17007.0,2021
KIA,Export,,K7 / Cadenza,75.0,202.0,0.0,1.0,54.0,142.0,199.0,59.0,104.0,124.0,61.0,172.0,1193.0,2021
KIA,Export,,K9,3.0,1.0,72.0,48.0,3.0,0.0,25.0,0.0,2.0,0.0,0.0,73.0,227.0,2021
KIA,Export,,Stonic,7326.0,6221.0,9982.0,7584.0,6231.0,7339.0,5731.0,4418.0,5070.0,4958.0,5573.0,6143.0,76576.0,2021
KIA,Export,,Seltos,7865.0,7909.0,7301.0,7157.0,5147.0,5981.0,4944.0,5091.0,5808.0,5073.0,5178.0,7134.0,74588.0,2021
KIA,Export,,Soul,7686.0,7614.0,8902.0,11024.0,6996.0,9750.0,8913.0,7171.0,5572.0,6501.0,7607.0,8385.0,96121.0,2021
KIA,Export,,Niro,13133.0,9618.0,11219.0,10433.0,9451.0,9872.0,9046.0,7561.0,7335.0,7584.0,11172.0,13000.0,119424.0,2021
KIA,Export,,EV6,0.0,0.0,4.0,1.0,9.0,10.0,8.0,3760.0,3716.0,4234.0,2607.0,4110.0,18459.0,2021
KIA,Export,,Sportage,7923.0,10350.0,10984.0,14470.0,8944.0,10915.0,8522.0,4553.0,6654.0,7544.0,8260.0,10680.0,109799.0,2021
KIA,Export,,Sorento,4855.0,5848.0,4870.0,5122.0,5251.0,5308.0,3541.0,4508.0,4570.0,3693.0,4066.0,4646.0,56278.0,2021
KIA,Export,,Mohave / Borrego,108.0,288.0,0.0,108.0,144.0,216.0,144.0,108.0,0.0,108.0,180.0,0.0,1404.0,2021
KIA,Export,,New Carens,0.0,0.0,0.0,0.0,0.0,0.0,0.0,0.0,0.0,0.0,0.0,0.0,0.0,2021
KIA,Export,,Carnival / Sedona,2958.0,4814.0,5053.0,5223.0,4057.0,5468.0,4285.0,3545.0,2866.0,2446.0,3314.0,2255.0,46284.0,2021
KIA,Export,,BongoⅢ (Truck),3144.0,2856.0,2444.0,3311.0,2575.0,2733.0,3722.0,2464.0,2070.0,2474.0,2938.0,3677.0,34408.0,2021
KIA,Export,,Bus,0.0,0.0,0.0,0.0,0.0,0.0,0.0,6.0,0.0,0.0,0.0,0.0,6.0,2021
KIA,Export,,Military,4.0,100.0,0.0,50.0,0.0,13.0,103.0,50.0,22.0,0.0,0.0,100.0,442.0,2021
KIA,Domestic,,Morning,1534.0,1700.0,3559.0,2790.0,2258.0,2414.0,3278.0,2153.0,1940.0,2246.0,3356.0,2152.0,29380.0,2022
KIA,Domestic,,Ray,3598.0,3218.0,3566.0,3993.0,3788.0,3812.0,4125.0,2836.0,3860.0,3363.0,4098.0,4309.0,44566.0,2022
KIA,Domestic,,Pride,0.0,0.0,0.0,0.0,0.0,0.0,0.0,0.0,0.0,0.0,0.0,0.0,0.0,2022
KIA,Domestic,,K3,1792.0,1573.0,2020.0,2351.0,1726.0,1610.0,2468.0,800.0,838.0,1500.0,2114.0,2229.0,21021.0,2022
KIA,Domestic,,K5,3342.0,2562.0,2642.0,2624.0,2618.0,2352.0,2859.0,2155.0,2055.0,2514.0,3208.0,2567.0,31498.0,2022
KIA,Domestic,,Stinger,166.0,164.0,218.0,235.0,206.0,184.0,112.0,157.0,57.0,184.0,193.0,108.0,1984.0,2022
KIA,Domestic,,K7 / K8,2566.0,2932.0,2722.0,4176.0,3636.0,4012.0,4807.0,4257.0,3990.0,3613.0,3867.0,5072.0,45650.0,2022
KIA,Domestic,,K9,487.0,537.0,1001.0,664.0,419.0,453.0,567.0,602.0,260.0,371.0,620.0,604.0,6585.0,2022
KIA,Domestic,,Stonic,0.0,0.0,0.0,0.0,0.0,0.0,0.0,0.0,0.0,0.0,0.0,0.0,0.0,2022
KIA,Domestic,,Seltos,3468.0,3538.0,4266.0,3364.0,2863.0,3261.0,4120.0,3610.0,3513.0,3150.0,3449.0,4493.0,43095.0,2022
KIA,Domestic,,Soul,0.0,0.0,0.0,0.0,0.0,0.0,0.0,0.0,0.0,0.0,0.0,0.0,0.0,2022
KIA,Domestic,,Niro,1224.0,2569.0,2413.0,3613.0,2687.0,2882.0,1955.0,1489.0,1426.0,1098.0,1738.0,1684.0,24778.0,2022
KIA,Domestic,,Niro Plus,0.0,0.0,0.0,0.0,203.0,939.0,923.0,832.0,935.0,544.0,260.0,77.0,4713.0,2022
KIA,Domestic,,EV6,115.0,1706.0,2689.0,2976.0,2864.0,1808.0,3049.0,1672.0,2281.0,2175.0,2280.0,1237.0,24852.0,2022
KIA,Domestic,,Sportage,4455.0,3781.0,4919.0,4556.0,4542.0,4513.0,3406.0,3873.0,4441.0,4950.0,5762.0,6196.0,55394.0,2022
KIA,Domestic,,Sorento,5066.0,4776.0,5435.0,5551.0,5356.0,5593.0,6940.0,5674.0,5335.0,5127.0,6656.0,7393.0,68902.0,2022
KIA,Domestic,,Mohave,406.0,950.0,852.0,1497.0,1208.0,1095.0,1125.0,1114.0,1166.0,980.0,698.0,542.0,11633.0,2022
KIA,Domestic,,New Carens,0.0,0.0,0.0,0.0,0.0,0.0,0.0,0.0,0.0,0.0,0.0,0.0,0.0,2022
KIA,Domestic,,Carnival,4114.0,3127.0,4065.0,5121.0,5485.0,5590.0,4901.0,4535.0,2228.0,5004.0,7565.0,7323.0,59058.0,2022
KIA,Domestic,,BongoⅢ (Truck),4520.0,6230.0,4608.0,6402.0,5655.0,4386.0,6407.0,5389.0,5303.0,5872.0,5951.0,4103.0,64826.0,2022
KIA,Domestic,,Bus,62.0,50.0,50.0,56.0,63.0,112.0,78.0,92.0,106.0,90.0,64.0,64.0,887.0,2022
KIA,Domestic,,Military,123.0,147.0,41.0,126.0,86.0,94.0,235.0,164.0,275.0,251.0,321.0,383.0,2246.0,2022
KIA,Export,,Morning / Picanto,10379.0,9663.0,11130.0,7826.0,10340.0,9348.0,9527.0,8954.0,10649.0,10256.0,10449.0,10296.0,118817.0,2022
KIA,Export,,Pride / Rio,4038.0,4121.0,4702.0,4117.0,4066.0,3609.0,6190.0,3533.0,3815.0,3969.0,5029.0,5873.0,53062.0,2022
KIA,Export,,K3,3271.0,1373.0,2480.0,2098.0,2367.0,2114.0,3939.0,1329.0,664.0,754.0,727.0,1166.0,22282.0,2022
KIA,Export,,K5 / Optima,2222.0,653.0,1211.0,1635.0,1305.0,932.0,2717.0,1718.0,1168.0,1562.0,1983.0,1927.0,19033.0,2022
KIA,Export,,Stinger,1340.0,1325.0,1138.0,1455.0,731.0,825.0,596.0,741.0,426.0,948.0,1662.0,2063.0,13250.0,2022
KIA,Export,,K7 / K8 / Cadenza,48.0,15.0,62.0,53.0,123.0,188.0,289.0,197.0,109.0,164.0,193.0,188.0,1629.0,2022
KIA,Export,,K9,27.0,23.0,0.0,0.0,48.0,1.0,0.0,0.0,52.0,0.0,0.0,0.0,151.0,2022
KIA,Export,,Stonic,7287.0,6437.0,7482.0,8493.0,7938.0,6438.0,10272.0,6034.0,6569.0,6729.0,6689.0,8640.0,89008.0,2022
KIA,Export,,Seltos,8095.0,5703.0,6295.0,5963.0,7411.0,6524.0,11257.0,7926.0,7403.0,8670.0,8521.0,8660.0,92428.0,2022
KIA,Export,,Soul,6955.0,3286.0,5244.0,7060.0,5129.0,6255.0,8964.0,6449.0,5180.0,5771.0,7990.0,7907.0,76190.0,2022
KIA,Export,,Niro,10148.0,8798.0,11203.0,6347.0,8244.0,7577.0,12520.0,9485.0,9855.0,11486.0,11638.0,9348.0,116649.0,2022
KIA,Export,,Niro Plus,0.0,0.0,0.0,0.0,11.0,4.0,410.0,928.0,1175.0,1426.0,1268.0,1317.0,6539.0,2022
KIA,Export,,EV6,6263.0,5100.0,4978.0,4257.0,4494.0,3768.0,6557.0,3106.0,3828.0,4343.0,5474.0,6391.0,58559.0,2022
KIA,Export,,Sportage,7104.0,5103.0,5307.0,8156.0,9977.0,7639.0,9685.0,8694.0,7824.0,8282.0,8278.0,7806.0,93855.0,2022
KIA,Export,,Sorento,6181.0,4541.0,4089.0,5256.0,6151.0,4593.0,4338.0,5432.0,5717.0,6206.0,6769.0,6917.0,66190.0,2022
KIA,Export,,Mohave / Borrego,36.0,211.0,0.0,0.0,0.0,0.0,0.0,-72.0,0.0,0.0,72.0,429.0,676.0,2022
KIA,Export,,New Carens,0.0,0.0,0.0,0.0,0.0,0.0,0.0,0.0,0.0,0.0,0.0,0.0,0.0,2022
KIA,Export,,Carnival / Sedona,3830.0,1957.0,3698.0,5243.0,4796.0,3233.0,4119.0,3119.0,1938.0,3251.0,6076.0,5566.0,46826.0,2022
KIA,Export,,BongoⅢ (Truck),2875.0,2626.0,2322.0,3143.0,3887.0,2987.0,2897.0,1839.0,2040.0,2187.0,2316.0,3882.0,33001.0,2022
KIA,Export,,Bus,0.0,0.0,1.0,0.0,0.0,0.0,0.0,0.0,0.0,0.0,0.0,0.0,1.0,2022
KIA,Export,,Military,0.0,0.0,20.0,100.0,0.0,11.0,0.0,0.0,2.0,0.0,80.0,89.0,302.0,2022
KIA,Domestic,,Morning,1813.0,2049.0,2127.0,2164.0,2502.0,2245.0,2033.0,2910.0,1892.0,2225.0,2111.0,1808.0,25879.0,2023
KIA,Domestic,,Ray,3585.0,4268.0,4155.0,4158.0,4576.0,4372.0,4285.0,4402.0,3464.0,4824.0,4587.0,4254.0,50930.0,2023
KIA,Domestic,,K3,950.0,1024.0,1197.0,670.0,975.0,1540.0,976.0,1123.0,1036.0,939.0,1428.0,1346.0,13204.0,2023
KIA,Domestic,,K5,2560.0,2653.0,3421.0,2739.0,3166.0,2963.0,2246.0,2613.0,2280.0,2592.0,3783.0,3563.0,34579.0,2023
KIA,Domestic,,Stinger,113.0,120.0,143.0,61.0,45.0,1.0,0.0,0.0,0.0,0.0,0.0,0.0,483.0,2023
KIA,Domestic,,K7 / K8,3451.0,4168.0,4569.0,4011.0,4487.0,4469.0,3513.0,2457.0,2406.0,2248.0,2799.0,1859.0,40437.0,2023
KIA,Domestic,,K9,431.0,301.0,432.0,422.0,310.0,366.0,372.0,347.0,232.0,226.0,236.0,223.0,3898.0,2023
KIA,Domestic,,Seltos,3366.0,5552.0,3891.0,4119.0,4792.0,5224.0,4770.0,3512.0,4399.0,3008.0,4446.0,3758.0,50837.0,2023
KIA,Domestic,,Niro,1269.0,1588.0,2219.0,2120.0,1990.0,1992.0,1614.0,1694.0,1681.0,1595.0,1541.0,1256.0,20559.0,2023
KIA,Domestic,,Niro Plus,0.0,292.0,460.0,475.0,462.0,298.0,303.0,115.0,103.0,218.0,120.0,70.0,2916.0,2023
KIA,Domestic,,EV6,0.0,1951.0,3009.0,2694.0,1894.0,1379.0,1398.0,948.0,601.0,1564.0,1096.0,693.0,17227.0,2023
KIA,Domestic,,Sportage,5492.0,5689.0,6018.0,6282.0,6185.0,6418.0,6625.0,5210.0,5402.0,4707.0,5982.0,5739.0,69749.0,2023
KIA,Domestic,,Sorento,4611.0,4745.0,6890.0,6835.0,6499.0,6978.0,5678.0,7176.0,10190.0,8777.0,9364.0,8068.0,85811.0,2023
KIA,Domestic,,Mohave,482.0,504.0,710.0,483.0,318.0,510.0,459.0,379.0,317.0,293.0,313.0,252.0,5020.0,2023
KIA,Domestic,,EV9,0.0,0.0,0.0,0.0,0.0,1334.0,1251.0,408.0,1163.0,833.0,375.0,2688.0,8052.0,2023
KIA,Domestic,,Carnival,6904.0,6039.0,6873.0,6481.0,6695.0,6358.0,6109.0,4937.0,4366.0,3933.0,5857.0,5305.0,69857.0,2023
KIA,Domestic,,Bongo,3580.0,8977.0,6806.0,5258.0,5269.0,4435.0,5665.0,3892.0,4480.0,4887.0,5855.0,3815.0,62919.0,2023
KIA,Domestic,,Bus,71.0,96.0,126.0,114.0,110.0,120.0,127.0,102.0,111.0,91.0,129.0,106.0,1303.0,2023
KIA,Domestic,,Ordinary Vehicle,38678.0,50016.0,53046.0,49086.0,50275.0,51002.0,47424.0,42225.0,44123.0,42960.0,50022.0,44803.0,563660.0,2023
KIA,Domestic,,Millitary,75.0,89.0,112.0,228.0,89.0,136.0,83.0,109.0,287.0,294.0,300.0,364.0,2166.0,2023
KIA,Domestic,,Bongo,0.0,0.0,0.0,0.0,0.0,0.0,0.0,0.0,0.0,0.0,0.0,0.0,0.0,2023
KIA,Domestic,,Bus,0.0,0.0,0.0,0.0,0.0,0.0,0.0,0.0,0.0,0.0,0.0,0.0,0.0,2023
KIA,Domestic,,Special Vehicle,75.0,89.0,112.0,228.0,89.0,136.0,83.0,109.0,287.0,294.0,300.0,364.0,2166.0,2023
KIA,Export,,Morning / Picanto,11149.0,13902.0,14822.0,12906.0,13604.0,12442.0,8568.0,6352.0,6053.0,6589.0,7520.0,7756.0,121663.0,2023
KIA,Export,,Pride / Rio,5243.0,5451.0,6127.0,5022.0,4514.0,427.0,0.0,0.0,0.0,0.0,0.0,0.0,26784.0,2023
KIA,Export,,K3,1410.0,1619.0,2259.0,1453.0,1097.0,1039.0,1315.0,1570.0,2149.0,1787.0,3528.0,2200.0,21426.0,2023
KIA,Export,,K5 / Optima,1526.0,1710.0,1407.0,1195.0,1366.0,1135.0,1797.0,2168.0,1433.0,2780.0,1158.0,492.0,18167.0,2023
KIA,Export,,Stinger,1618.0,1192.0,1219.0,933.0,56.0,12.0,0.0,0.0,0.0,6.0,0.0,0.0,5036.0,2023
KIA,Export,,K7 / K8 / Cadenza,220.0,191.0,311.0,108.0,193.0,164.0,195.0,131.0,55.0,53.0,141.0,184.0,1946.0,2023
KIA,Export,,K9,36.0,0.0,24.0,1.0,0.0,36.0,36.0,35.0,2.0,0.0,1.0,1.0,172.0,2023
KIA,Export,,Stonic,7499.0,7685.0,8760.0,8186.0,7766.0,3285.0,5031.0,7021.0,6344.0,8070.0,9052.0,7883.0,86582.0,2023
KIA,Export,,Seltos,11408.0,9238.0,11414.0,10348.0,9390.0,9030.0,9444.0,8691.0,8332.0,8786.0,10674.0,10338.0,117093.0,2023
KIA,Export,,Soul,7826.0,6637.0,6533.0,6596.0,6898.0,6394.0,5469.0,4075.0,4330.0,4089.0,4767.0,4921.0,68535.0,2023
KIA,Export,,Niro,10557.0,11993.0,12919.0,11563.0,12937.0,12825.0,11997.0,9315.0,9541.0,9307.0,13793.0,11824.0,138571.0,2023
KIA,Export,,Niro Plus,841.0,818.0,762.0,464.0,822.0,846.0,384.0,693.0,586.0,783.0,0.0,47.0,7046.0,2023
KIA,Export,,EV5,0.0,0.0,0.0,0.0,0.0,0.0,0.0,0.0,0.0,0.0,0.0,0.0,0.0,2023
KIA,Export,,EV6,6919.0,6873.0,8063.0,6727.0,7777.0,7838.0,7647.0,5968.0,3706.0,4291.0,7012.0,6044.0,78865.0,2023
KIA,Export,,Sportage,10929.0,11825.0,13444.0,11661.0,10756.0,10845.0,11815.0,10257.0,10531.0,10134.0,12159.0,11934.0,136290.0,2023
KIA,Export,,Sorento,7368.0,7605.0,8434.0,8180.0,8215.0,9114.0,8826.0,4995.0,1926.0,2488.0,8416.0,6335.0,81902.0,2023
KIA,Export,,Mohave / Borrego,0.0,1.0,0.0,0.0,0.0,0.0,0.0,0.0,198.0,0.0,0.0,0.0,199.0,2023
KIA,Export,,EV9,0.0,0.0,7.0,19.0,11.0,3.0,30.0,2254.0,4852.0,3957.0,8081.0,7884.0,27098.0,2023
KIA,Export,,New Carens,0.0,0.0,0.0,0.0,0.0,0.0,0.0,0.0,0.0,0.0,0.0,0.0,0.0,2023
KIA,Export,,Carnival / Sedona,6371.0,5376.0,6162.0,7306.0,8862.0,7593.0,6969.0,5871.0,4724.0,5850.0,5407.0,3780.0,74271.0,2023
KIA,Export,,Bongo,3014.0,3134.0,3003.0,2919.0,2775.0,2635.0,3987.0,2437.0,3636.0,3010.0,3097.0,3285.0,36932.0,2023
KIA,Export,,Bus,0.0,0.0,0.0,0.0,0.0,0.0,0.0,0.0,0.0,0.0,0.0,0.0,0.0,2023
KIA,Export,,Ordinary Vehicle,93934.0,95250.0,105670.0,95587.0,97039.0,85663.0,83510.0,71833.0,68398.0,71980.0,94806.0,84908.0,1048578.0,2023
KIA,Export,,Millitary,0.0,0.0,21.0,100.0,110.0,30.0,0.0,0.0,0.0,0.0,63.0,30.0,354.0,2023
KIA,Export,,Bongo,141.0,36.0,15.0,35.0,107.0,277.0,192.0,180.0,213.0,186.0,94.0,81.0,1557.0,2023
KIA,Export,,Bus,0.0,0.0,0.0,0.0,0.0,0.0,0.0,0.0,0.0,0.0,0.0,0.0,0.0,2023
KIA,Export,,Special Vehicle,141.0,36.0,36.0,135.0,217.0,307.0,192.0,180.0,213.0,186.0,157.0,111.0,1911.0,2023
KIA,Domestic,,Morning,1214.0,1140.0,1416.0,1421.0,907.0,985.0,1335.0,910.0,0.0,0.0,0.0,0.0,9328.0,2024
KIA,Domestic,,Ray,4130.0,3972.0,4692.0,4460.0,4456.0,3574.0,4384.0,3710.0,0.0,0.0,0.0,0.0,33378.0,2024
KIA,Domestic,,K3,1419.0,1315.0,1460.0,1336.0,995.0,1341.0,1373.0,588.0,0.0,0.0,0.0,0.0,9827.0,2024
KIA,Domestic,,K5,3336.0,2970.0,3577.0,3168.0,2405.0,2932.0,2702.0,2690.0,0.0,0.0,0.0,0.0,23780.0,2024
KIA,Domestic,,K7 / K8,2917.0,2165.0,2016.0,1988.0,1873.0,1519.0,1154.0,2711.0,0.0,0.0,0.0,0.0,16343.0,2024
KIA,Domestic,,K9,175.0,191.0,140.0,253.0,282.0,160.0,202.0,177.0,0.0,0.0,0.0,0.0,1580.0,2024
KIA,Domestic,,Seltos,3944.0,3967.0,4748.0,5025.0,6120.0,5399.0,5489.0,5551.0,0.0,0.0,0.0,0.0,40243.0,2024
KIA,Domestic,,EV3,0.0,0.0,0.0,0.0,0.0,0.0,1975.0,4002.0,0.0,0.0,0.0,0.0,5977.0,2024
KIA,Domestic,,Niro,1239.0,940.0,1051.0,1815.0,1709.0,1333.0,1199.0,1109.0,0.0,0.0,0.0,0.0,10395.0,2024
KIA,Domestic,,Niro Plus,2.0,0.0,86.0,123.0,67.0,65.0,14.0,43.0,0.0,0.0,0.0,0.0,400.0,2024
KIA,Domestic,,EV6,29.0,155.0,1275.0,1036.0,1380.0,1430.0,1344.0,599.0,0.0,0.0,0.0,0.0,7248.0,2024
KIA,Domestic,,Sportage,5934.0,6991.0,6736.0,7179.0,6644.0,5815.0,6235.0,5988.0,0.0,0.0,0.0,0.0,51522.0,2024
KIA,Domestic,,Sorento,9284.0,8671.0,8974.0,7865.0,7487.0,7307.0,7596.0,3502.0,0.0,0.0,0.0,0.0,60686.0,2024
KIA,Domestic,,Mohave,291.0,241.0,298.0,257.0,224.0,288.0,197.0,204.0,0.0,0.0,0.0,0.0,2000.0,2024
KIA,Domestic,,EV9,449.0,124.0,183.0,174.0,182.0,113.0,161.0,92.0,0.0,0.0,0.0,0.0,1478.0,2024
KIA,Domestic,,Carnival,7049.0,7989.0,7643.0,6879.0,7211.0,8097.0,7050.0,5534.0,0.0,0.0,0.0,0.0,57452.0,2024
KIA,Domestic,,Bongo,3074.0,3077.0,4584.0,4404.0,4050.0,3523.0,3487.0,2990.0,0.0,0.0,0.0,0.0,29189.0,2024
KIA,Domestic,,Bus,122.0,100.0,127.0,122.0,118.0,122.0,113.0,110.0,0.0,0.0,0.0,0.0,934.0,2024
KIA,Domestic,,Ordinary Vehicle,44608.0,44008.0,49006.0,47505.0,46110.0,44003.0,46010.0,40510.0,0.0,0.0,0.0,0.0,361760.0,2024
KIA,Domestic,,Military,75.0,68.0,106.0,126.0,125.0,281.0,228.0,174.0,0.0,0.0,0.0,0.0,1183.0,2024
KIA,Domestic,,Bongo,0.0,0.0,0.0,0.0,0.0,0.0,0.0,0.0,0.0,0.0,0.0,0.0,0.0,2024
KIA,Domestic,,Bus,0.0,0.0,0.0,0.0,0.0,0.0,0.0,0.0,0.0,0.0,0.0,0.0,0.0,2024
KIA,Domestic,,Special Vehicle,75.0,68.0,106.0,126.0,125.0,281.0,228.0,174.0,0.0,0.0,0.0,0.0,1183.0,2024
KIA,Export,,Morning / Picanto,9795.0,8361.0,9050.0,9243.0,10810.0,10122.0,9786.0,8852.0,0.0,0.0,0.0,0.0,76019.0,2024
KIA,Export,,Pride / Rio,0.0,0.0,0.0,0.0,0.0,0.0,0.0,0.0,0.0,0.0,0.0,0.0,0.0,2024
KIA,Export,,K3,2387.0,2483.0,2368.0,3760.0,3541.0,3162.0,2862.0,1324.0,0.0,0.0,0.0,0.0,21887.0,2024
KIA,Export,,K5 / Optima,1139.0,835.0,4058.0,7410.0,9023.0,8467.0,8720.0,7801.0,0.0,0.0,0.0,0.0,47453.0,2024
KIA,Export,,Stinger,0.0,0.0,0.0,0.0,0.0,0.0,0.0,0.0,0.0,0.0,0.0,0.0,0.0,2024
KIA,Export,,K7 / K8 / Cadenza,288.0,144.0,115.0,309.0,321.0,103.0,10.0,0.0,0.0,0.0,0.0,0.0,1290.0,2024
KIA,Export,,K9,0.0,0.0,8.0,0.0,6.0,65.0,0.0,0.0,0.0,0.0,0.0,0.0,79.0,2024
KIA,Export,,Stonic,6703.0,6191.0,8218.0,6326.0,7850.0,7061.0,6751.0,6879.0,0.0,0.0,0.0,0.0,55979.0,2024
KIA,Export,,EV3,0.0,2.0,0.0,3.0,4.0,20.0,2.0,1424.0,0.0,0.0,0.0,0.0,1455.0,2024
KIA,Export,,Seltos,10285.0,9445.0,9129.0,10435.0,7970.0,8683.0,8261.0,7561.0,0.0,0.0,0.0,0.0,71769.0,2024
KIA,Export,,Soul,6594.0,5008.0,6049.0,5712.0,5361.0,5312.0,5240.0,4814.0,0.0,0.0,0.0,0.0,44090.0,2024
KIA,Export,,Niro,12662.0,9797.0,11168.0,11179.0,9074.0,10854.0,8502.0,6710.0,0.0,0.0,0.0,0.0,79946.0,2024
KIA,Export,,Niro Plus,200.0,0.0,14.0,0.0,0.0,3.0,0.0,1.0,0.0,0.0,0.0,0.0,218.0,2024
KIA,Export,,EV5,0.0,0.0,0.0,0.0,0.0,0.0,0.0,0.0,0.0,0.0,0.0,0.0,0.0,2024
KIA,Export,,EV6,8137.0,6545.0,7166.0,4692.0,4701.0,2051.0,2679.0,1426.0,0.0,0.0,0.0,0.0,37397.0,2024
KIA,Export,,Sportage,14744.0,10842.0,11500.0,12798.0,12165.0,12553.0,11618.0,12049.0,0.0,0.0,0.0,0.0,98269.0,2024
KIA,Export,,Sorento,5417.0,6470.0,5904.0,8810.0,7834.0,7844.0,7509.0,3670.0,0.0,0.0,0.0,0.0,53458.0,2024
KIA,Export,,Mohave / Borrego,0.0,54.0,33.0,90.0,0.0,3.0,0.0,114.0,0.0,0.0,0.0,0.0,294.0,2024
KIA,Export,,EV9,4496.0,2527.0,3371.0,1817.0,2578.0,1484.0,1702.0,1322.0,0.0,0.0,0.0,0.0,19297.0,2024
KIA,Export,,New Carens,0.0,0.0,0.0,0.0,0.0,0.0,0.0,0.0,0.0,0.0,0.0,0.0,0.0,2024
KIA,Export,,Carnival / Sedona,6291.0,4627.0,5423.0,9705.0,7521.0,7831.0,8373.0,9224.0,0.0,0.0,0.0,0.0,58995.0,2024
KIA,Export,,Bongo,4491.0,3247.0,4445.0,2920.0,2918.0,3067.0,3057.0,2897.0,0.0,0.0,0.0,0.0,27042.0,2024
KIA,Export,,Bus,0.0,0.0,0.0,0.0,0.0,0.0,0.0,0.0,0.0,0.0,0.0,0.0,0.0,2024
KIA,Export,,Ordinary Vehicle,93629.0,76578.0,88019.0,95209.0,91677.0,88685.0,85072.0,76068.0,0.0,0.0,0.0,0.0,694937.0,2024
KIA,Export,,Military,10.0,3.0,25.0,52.0,14.0,50.0,51.0,0.0,0.0,0.0,0.0,0.0,205.0,2024
KIA,Export,,Bongo,1.0,51.0,23.0,24.0,3.0,5.0,4.0,117.0,0.0,0.0,0.0,0.0,228.0,2024
KIA,Export,,Bus,0.0,0.0,0.0,0.0,0.0,0.0,0.0,0.0,0.0,0.0,0.0,0.0,0.0,2024
KIA,Export,,Special Vehicle,11.0,54.0,48.0,76.0,17.0,55.0,55.0,117.0,0.0,0.0,0.0,0.0,433.0,2024
